longitude,latitude,date,blue,green,red,nir,swir1,swir2
109.00679,37.25127,1995-01-06,931,1574,1944,2310,3228,3015
109.00679,37.25127,1995-01-31,983,1462,1837,2190,3029,2897
109.00679,37.25127,1995-02-16,1018,1524,1910,2208,3074,2941
109.00679,37.25127,1995-03-04,1062,1691,2149,2447,3251,3135
109.00679,37.25127,1995-03-11,1482,2099,2509,2711,3382,3189
109.00679,37.25127,1995-03-20,1359,1963,2386,2699,3419,3352
109.00679,37.25127,1995-03-27,1608,2193,2597,2953,3594,3446
109.00679,37.25127,1995-04-05,1566,2108,2469,2781,3467,3327
109.00679,37.25127,1995-04-21,1243,1765,2163,2497,3192,2903
109.00679,37.25127,1995-05-07,1228,1890,2423,2831,3620,3474
109.00679,37.25127,1995-05-14,1017,1723,2182,2566,3278,3103
109.00679,37.25127,1995-06-08,1260,1902,2350,2805,3553,3354
109.00679,37.25127,1995-06-24,1235,1922,2367,2769,3516,3298
109.00679,37.25127,1995-07-01,919,1482,1875,2218,2733,2607
109.00679,37.25127,1995-07-26,1295,1960,2361,2947,3450,3259
109.00679,37.25127,1995-08-27,1022,1557,1784,3200,2879,2234
109.00679,37.25127,1995-10-14,1112,1696,2135,2623,3238,2958
109.00679,37.25127,1995-10-30,1481,2090,2452,2810,3522,3129
109.00679,37.25127,1995-11-15,1318,1838,2242,2677,3572,3157
109.00679,37.25127,1995-11-22,1031,1420,1936,2439,3206,2965
109.00679,37.25127,1995-12-08,1546,1805,2233,2708,3448,3107
109.00679,37.25127,1995-12-17,1162,1730,2147,2527,3366,3169
109.00679,37.25127,1995-12-24,937,1386,1864,2256,3025,2759
109.00679,37.25127,1996-01-02,1296,1789,2191,2488,3215,3040
109.00679,37.25127,1996-02-10,1085,1383,1821,2110,2795,2640
109.00679,37.25127,1996-02-26,980,1459,1949,2345,3079,2949
109.00679,37.25127,1996-03-06,1382,1892,2328,2584,3338,3189
109.00679,37.25127,1996-04-23,1414,1990,2438,2803,3563,3406
109.00679,37.25127,1996-05-09,1233,1908,2371,2778,3623,3490
109.00679,37.25127,1996-05-16,1424,1734,2077,2437,2814,2483
109.00679,37.25127,1996-05-25,1243,1907,2345,2818,3613,3447
109.00679,37.25127,1996-06-10,1293,1916,2350,2837,3533,3336
109.00679,37.25127,1996-06-17,570,885,1117,1504,1705,1339
109.00679,37.25127,1996-08-13,975,1483,1661,3175,2864,2213
109.00679,37.25127,1996-08-29,638,921,1082,2462,2158,1437
109.00679,37.25127,1996-09-14,1114,1478,1831,3060,3054,2471
109.00679,37.25127,1996-09-21,893,1390,1623,2506,2721,2273
109.00679,37.25127,1996-09-30,1106,1415,1619,2307,2593,2211
109.00679,37.25127,1996-10-23,774,1107,1434,1787,2201,1843
109.00679,37.25127,1996-11-17,2215,2799,3217,3506,3050,2700
109.00679,37.25127,1996-11-24,1180,1838,2282,2631,3584,3289
109.00679,37.25127,1997-01-11,1084,1766,2196,2584,3517,3238
109.00679,37.25127,1997-01-20,1309,1834,2284,2597,3473,3250
109.00679,37.25127,1997-01-27,1059,1397,1794,2179,2694,2461
109.00679,37.25127,1997-02-05,1264,1815,2222,2519,3141,2890
109.00679,37.25127,1997-02-12,1056,1634,1943,2278,3078,2990
109.00679,37.25127,1997-02-28,1094,1661,2048,2358,3098,2948
109.00679,37.25127,1997-03-09,1335,1870,2286,2601,3442,3287
109.00679,37.25127,1997-03-25,1344,1752,2215,2694,3485,3366
109.00679,37.25127,1997-04-01,1146,1677,2008,2278,2864,2702
109.00679,37.25127,1997-04-10,1258,1851,2325,2652,3423,3321
109.00679,37.25127,1997-04-26,1283,1837,2267,2648,3439,3304
109.00679,37.25127,1997-05-03,1151,1740,2162,2561,3201,3054
109.00679,37.25127,1997-05-19,1177,1868,2323,2773,3491,3393
109.00679,37.25127,1997-05-28,1373,2104,2596,3105,3870,3642
109.00679,37.25127,1997-06-13,1248,1831,2343,2968,3708,3474
109.00679,37.25127,1997-07-15,1669,2129,2570,3210,3698,3407
109.00679,37.25127,1997-07-22,1064,1695,2129,2594,3190,3016
109.00679,37.25127,1997-08-23,918,1383,1607,2639,2725,2252
109.00679,37.25127,1997-09-01,1073,1627,1906,3185,3164,2645
109.00679,37.25127,1997-09-24,541,876,1082,1849,1792,1308
109.00679,37.25127,1997-10-10,989,1591,2031,2458,3223,2985
109.00679,37.25127,1997-10-19,1253,1769,2289,2916,3688,3486
109.00679,37.25127,1997-10-26,966,1583,2083,2454,3276,3105
109.00679,37.25127,1997-12-22,1399,1770,2088,2389,3252,3127
109.00679,37.25127,1998-01-07,1270,1815,2289,2601,3477,3330
109.00679,37.25127,1998-01-30,1117,1646,2019,2275,3078,2984
109.00679,37.25127,1998-02-08,1285,1842,2308,2573,3395,3347
109.00679,37.25127,1998-02-15,1073,1671,2042,2352,3166,3006
109.00679,37.25127,1998-03-03,1114,1626,1996,2235,2990,2883
109.00679,37.25127,1998-03-28,1299,1872,2290,2576,3359,3393
109.00679,37.25127,1998-04-20,1865,2532,2917,3178,3633,3438
109.00679,37.25127,1998-06-16,1387,2081,2566,3087,3766,3518
109.00679,37.25127,1998-07-02,1130,1770,2195,2701,3376,3132
109.00679,37.25127,1998-08-19,1046,1518,1668,3499,2915,2142
109.00679,37.25127,1998-08-26,580,984,1106,2791,1959,1150
109.00679,37.25127,1998-09-11,874,1358,1636,3102,2821,2122
109.00679,37.25127,1998-09-27,990,1528,1955,2500,3112,2940
109.00679,37.25127,1998-10-06,1193,1773,2167,2712,3415,3123
109.00679,37.25127,1998-10-22,1180,1834,2286,2755,3649,3371
109.00679,37.25127,1998-11-14,1102,1740,2240,2605,3557,3270
109.00679,37.25127,1998-11-30,1159,1768,2218,2634,3517,3250
109.00679,37.25127,1998-12-09,1299,1982,2559,3030,3923,3651
109.00679,37.25127,1998-12-16,1135,1765,2272,2673,3551,3440
109.00679,37.25127,1998-12-25,1269,1953,2412,2797,3715,3363
109.00679,37.25127,1999-02-02,1159,1743,2193,2460,3248,3106
109.00679,37.25127,1999-02-11,1250,1891,2337,2686,3533,3318
109.00679,37.25127,1999-02-18,1505,2192,2671,2984,2829,2703
109.00679,37.25127,1999-03-31,1440,2078,2553,2922,3676,3449
109.00679,37.25127,1999-05-09,1202,1838,2339,2646,3474,3235
109.00679,37.25127,1999-05-18,1289,1983,2509,2904,3746,3534
109.00679,37.25127,1999-06-19,1478,2181,2662,3171,3846,3509
109.00679,37.25127,1999-06-26,1065,1639,2063,2487,3221,3034
109.00679,37.25127,1999-07-20,1238,1790,2265,2805,3457,3061
109.00679,37.25127,1999-07-28,1227,1793,2145,2807,3359,3099
109.00679,37.25127,1999-08-14,1412,1894,2287,3196,3527,3166
109.00679,37.25127,1999-09-07,1167,1754,2161,3068,3372,2912
109.00679,37.25127,1999-09-14,756,1178,1427,2115,2448,2051
109.00679,37.25127,1999-09-22,970,1505,2008,2719,3144,2848
109.00679,37.25127,1999-09-23,1427,1917,2279,2967,3605,3253
109.00679,37.25127,1999-10-17,1042,1615,2163,2637,3392,3271
109.00679,37.25127,1999-11-01,944,1318,1608,1864,1946,1593
109.00679,37.25127,1999-11-17,973,1546,2017,2379,3234,3025
109.00679,37.25127,1999-11-25,1381,1953,2397,2736,3352,3120
109.00679,37.25127,1999-11-26,1121,1734,2118,2455,3461,3264
109.00679,37.25127,1999-12-12,1078,1720,2245,2614,3621,3421
109.00679,37.25127,1999-12-19,967,1592,2083,2385,3260,3090
109.00679,37.25127,1999-12-20,1119,1658,2258,2583,3372,3308
109.00679,37.25127,1999-12-28,1067,1747,2170,2467,3454,3257
109.00679,37.25127,2000-03-01,1253,1784,2158,2455,3200,3159
109.00679,37.25127,2000-03-08,1480,1918,2276,2491,3051,2888
109.00679,37.25127,2000-04-02,1644,2183,2605,2956,3669,3475
109.00679,37.25127,2000-04-09,1767,2614,3154,3504,4277,4093
109.00679,37.25127,2000-04-10,1497,1940,2422,2726,3210,3043
109.00679,37.25127,2000-04-18,1429,2039,2437,2740,3556,3450
109.00679,37.25127,2000-04-26,1300,1951,2568,2937,3809,3690
109.00679,37.25127,2000-05-03,1119,1778,2397,2769,3577,3483
109.00679,37.25127,2000-05-19,1184,1826,2478,2845,3618,3494
109.00679,37.25127,2000-05-27,1428,2222,2739,3156,3872,3687
109.00679,37.25127,2000-06-13,1482,2158,2832,3366,4067,3895
109.00679,37.25127,2000-06-29,1337,1980,2492,3021,3593,3418
109.00679,37.25127,2000-07-06,1682,2394,3028,3774,4471,3977
109.00679,37.25127,2000-07-07,1887,2293,2501,3038,3212,2720
109.00679,37.25127,2000-07-15,1677,2412,3060,3824,4584,4216
109.00679,37.25127,2000-07-30,1133,1838,2235,2934,3357,2995
109.00679,37.25127,2000-08-15,-615,-278,-141,-2,-13,-14
109.00679,37.25127,2000-08-16,1245,1887,2353,3452,3584,3153
109.00679,37.25127,2000-08-23,663,917,1082,1596,1372,1137
109.00679,37.25127,2000-08-24,1151,1817,2153,3170,3440,3055
109.00679,37.25127,2000-08-31,1201,1728,2013,2906,3232,2837
109.00679,37.25127,2000-09-01,1098,1613,2037,2990,3368,2978
109.00679,37.25127,2000-09-16,1025,1603,2050,2646,3142,2948
109.00679,37.25127,2000-09-17,1131,1674,2246,2903,3492,3184
109.00679,37.25127,2000-10-03,961,1438,1834,2347,2956,2624
109.00679,37.25127,2000-11-04,1143,1737,2253,2695,3477,3253
109.00679,37.25127,2000-11-11,1064,1570,2103,2429,3156,3061
109.00679,37.25127,2000-11-12,1192,1760,2169,2553,3576,3273
109.00679,37.25127,2000-11-20,1413,1862,2346,2692,2955,2799
109.00679,37.25127,2000-11-27,1003,1556,2048,2371,3315,3151
109.00679,37.25127,2000-12-05,1107,1711,2118,2522,3410,3267
109.00679,37.25127,2000-12-06,1527,2085,2652,3011,3835,3611
109.00679,37.25127,2000-12-14,1144,1811,2242,2612,3662,3317
109.00679,37.25127,2000-12-21,999,1574,1953,2344,3228,3135
109.00679,37.25127,2000-12-22,1274,1804,2356,2697,3449,3323
109.00679,37.25127,2000-12-29,1247,1736,2270,2660,3429,3199
109.00679,37.25127,2000-12-30,1229,1836,2283,2660,3695,3535
109.00679,37.25127,2001-01-14,1016,1602,2126,2536,3220,3155
109.00679,37.25127,2001-01-22,1157,1696,2077,2368,3181,3062
109.00679,37.25127,2001-01-30,1107,1623,2192,2495,3181,3074
109.00679,37.25127,2001-02-08,1161,1653,2270,2615,3488,3322
109.00679,37.25127,2001-02-15,1117,1685,2188,2556,3407,3322
109.00679,37.25127,2001-02-16,1223,1739,2241,2529,3553,3315
109.00679,37.25127,2001-02-24,1133,1672,2246,2637,3425,3320
109.00679,37.25127,2001-03-03,1672,2383,2956,3266,3942,3796
109.00679,37.25127,2001-03-04,1264,1889,2364,2746,3674,3471
109.00679,37.25127,2001-03-11,1088,1688,2113,2451,3313,3242
109.00679,37.25127,2001-03-20,1459,2104,2472,2849,3692,3490
109.00679,37.25127,2001-03-27,1048,1658,2112,2444,3291,3311
109.00679,37.25127,2001-04-04,1399,1755,2175,2460,3326,3165
109.00679,37.25127,2001-04-12,1672,2203,2498,2707,3241,3084
109.00679,37.25127,2001-04-13,1161,1772,2328,2675,3541,3430
109.00679,37.25127,2001-05-06,1435,2002,2509,2885,3454,3232
109.00679,37.25127,2001-05-14,1197,1767,2100,2544,3015,2813
109.00679,37.25127,2001-05-22,1121,1649,2136,2678,3261,3022
109.00679,37.25127,2001-05-30,1051,1665,2068,2671,3072,3016
109.00679,37.25127,2001-05-31,1192,1810,2359,2980,3513,3282
109.00679,37.25127,2001-06-07,1511,1984,2448,3058,3551,3069
109.00679,37.25127,2001-06-15,1503,1986,2255,2726,2731,2469
109.00679,37.25127,2001-06-16,1147,1733,2222,2875,3346,3077
109.00679,37.25127,2001-06-23,1035,1554,2014,2718,3005,2713
109.00679,37.25127,2001-07-01,1408,1988,2272,2862,3091,2813
109.00679,37.25127,2001-07-17,1033,1574,1858,2586,2874,2588
109.00679,37.25127,2001-08-02,971,1386,1556,2487,2362,2018
109.00679,37.25127,2001-08-10,934,1421,1716,2862,2812,2341
109.00679,37.25127,2001-08-19,677,940,1066,1976,1500,1102
109.00679,37.25127,2001-09-27,828,1023,1207,1792,2005,1562
109.00679,37.25127,2001-10-21,765,1124,1318,1681,2323,1975
109.00679,37.25127,2001-10-29,883,1241,1551,1942,2660,2533
109.00679,37.25127,2001-10-30,1282,1585,1791,2129,2894,2637
109.00679,37.25127,2001-11-14,877,1314,1716,2156,2965,2804
109.00679,37.25127,2001-11-22,1008,1431,1753,2112,3066,2828
109.00679,37.25127,2001-11-23,1175,1611,2064,2466,3304,3166
109.00679,37.25127,2001-12-01,1071,1564,1950,2347,3278,3117
109.00679,37.25127,2001-12-08,1080,1541,1862,2215,3071,2834
109.00679,37.25127,2002-01-10,1026,1525,2060,2405,3240,3102
109.00679,37.25127,2002-01-25,1230,1577,1806,2040,2707,2654
109.00679,37.25127,2002-01-26,1005,1400,1902,2236,3078,2884
109.00679,37.25127,2002-02-02,913,1370,1818,2183,2983,2785
109.00679,37.25127,2002-02-10,1010,1452,1830,2190,3067,2908
109.00679,37.25127,2002-02-19,1007,1542,1861,2242,3169,2966
109.00679,37.25127,2002-02-27,1110,1528,2010,2326,3124,2940
109.00679,37.25127,2002-03-06,1326,1703,2043,2285,2797,2643
109.00679,37.25127,2002-03-07,1056,1482,1857,2175,3066,2914
109.00679,37.25127,2002-03-14,699,1014,1204,1433,1916,1574
109.00679,37.25127,2002-03-22,997,1506,1957,2305,3044,2949
109.00679,37.25127,2002-03-23,3474,3647,3718,3829,2781,2346
109.00679,37.25127,2002-03-31,1129,1669,2175,2566,3394,3258
109.00679,37.25127,2002-04-16,1286,1821,2284,2692,3381,3275
109.00679,37.25127,2002-05-02,786,1017,1191,1486,1611,1275
109.00679,37.25127,2002-05-26,1145,1701,2019,2720,3279,2972
109.00679,37.25127,2002-06-10,757,1047,1257,1853,1922,1472
109.00679,37.25127,2002-06-11,721,1146,1335,1913,2162,1790
109.00679,37.25127,2002-06-27,663,988,1092,1843,1828,1303
109.00679,37.25127,2002-07-12,970,1373,1612,2607,2795,2304
109.00679,37.25127,2002-07-13,1123,1638,1845,3060,2916,2464
109.00679,37.25127,2002-07-20,947,1523,1809,2832,2981,2487
109.00679,37.25127,2002-07-21,947,1422,1719,2721,2622,2002
109.00679,37.25127,2002-08-06,1039,1573,1919,3161,3201,2685
109.00679,37.25127,2002-08-22,917,1342,1634,2727,2920,2458
109.00679,37.25127,2002-08-29,858,1293,1631,2525,2764,2312
109.00679,37.25127,2002-08-30,1006,1459,1684,2715,2873,2551
109.00679,37.25127,2002-09-07,824,1103,1248,2166,2421,1947
109.00679,37.25127,2002-09-23,821,1207,1551,2320,2705,2380
109.00679,37.25127,2002-09-30,794,1168,1522,2221,2666,2333
109.00679,37.25127,2002-10-01,902,1331,1620,2288,2758,2452
109.00679,37.25127,2002-10-08,857,1282,1601,2311,2792,2472
109.00679,37.25127,2002-10-16,902,1232,1642,2183,2842,2520
109.00679,37.25127,2002-10-17,1079,1438,1729,2294,2913,2588
109.00679,37.25127,2002-11-01,816,1267,1682,2243,2965,2624
109.00679,37.25127,2002-11-02,936,1426,1753,2268,3113,2743
109.00679,37.25127,2002-11-09,947,1415,1748,2176,3028,2751
109.00679,37.25127,2002-11-10,1015,1418,1909,2376,3301,2933
109.00679,37.25127,2002-11-17,1072,1514,1940,2433,3152,2803
109.00679,37.25127,2002-11-18,1397,1840,2187,2628,3374,3016
109.00679,37.25127,2002-11-25,885,1429,1685,2150,3055,2672
109.00679,37.25127,2002-11-26,996,1435,1923,2393,3296,2933
109.00679,37.25127,2002-12-03,976,1410,1848,2296,3161,2869
109.00679,37.25127,2002-12-12,1152,1618,2056,2536,3366,2973
109.00679,37.25127,2003-01-12,1345,1680,1981,2280,2571,2310
109.00679,37.25127,2003-01-13,1209,1591,1978,2434,2962,2693
109.00679,37.25127,2003-01-20,904,1260,1679,2047,2824,2521
109.00679,37.25127,2003-01-21,1420,1755,2027,2348,3053,2639
109.00679,37.25127,2003-01-28,892,1312,1661,1940,2583,2378
109.00679,37.25127,2003-01-29,1083,1440,1861,2252,2933,2694
109.00679,37.25127,2003-02-05,921,1255,1703,2113,2838,2559
109.00679,37.25127,2003-02-06,972,1418,1803,2173,3075,2811
109.00679,37.25127,2003-02-13,1019,1379,1732,2041,2845,2471
109.00679,37.25127,2003-03-01,921,1297,1590,1931,2619,2301
109.00679,37.25127,2003-03-25,920,1278,1687,2053,2767,2594
109.00679,37.25127,2003-04-03,860,1143,1512,1897,2494,2124
109.00679,37.25127,2003-04-10,1130,1389,1654,1907,2210,1799
109.00679,37.25127,2003-04-19,1167,1630,2019,2435,3017,2689
109.00679,37.25127,2003-04-26,1025,1476,1914,2354,2985,2715
109.00679,37.25127,2003-04-27,1332,1887,2292,2774,3392,3039
109.00679,37.25127,2003-05-12,939,1359,1762,2270,2887,2609
109.00679,37.25127,2003-05-13,1613,2029,2316,2984,3566,3170
109.00679,37.25127,2003-05-21,1014,1467,1892,2490,3080,2789
109.00679,37.25127,2003-05-28,777,1194,1518,2070,2553,2243
109.00679,37.25127,2003-05-29,1020,1550,1845,2429,2985,2729
109.00679,37.25127,2003-06-05,897,1309,1569,2177,2616,2454
109.00679,37.25127,2003-06-14,1055,1588,1892,2631,3149,2946
109.00679,37.25127,2003-07-24,969,1362,1678,2447,2837,2455
109.00679,37.25127,2003-08-16,757,1141,1441,2223,2490,2146
109.00679,37.25127,2003-08-17,913,1376,1595,2454,2876,2484
109.00679,37.25127,2003-09-09,651,1061,1260,1981,2478,2120
109.00679,37.25127,2003-10-20,602,911,1057,1549,2154,1721
109.00679,37.25127,2003-10-27,664,1036,1253,1670,2554,2208
109.00679,37.25127,2003-10-28,1040,1379,1698,2207,3007,2706
109.00679,37.25127,2003-11-04,804,1114,1428,1870,2774,2493
109.00679,37.25127,2003-11-05,1044,1437,1663,2141,3139,2652
109.00679,37.25127,2003-11-13,1139,1255,1388,1620,1713,1275
109.00679,37.25127,2003-11-21,706,1005,1197,1644,2584,2078
109.00679,37.25127,2003-11-28,895,1314,1507,1787,2705,2275
109.00679,37.25127,2003-12-06,762,1098,1430,1815,2723,2543
109.00679,37.25127,2003-12-07,871,1287,1511,1889,2962,2598
109.00679,37.25127,2003-12-14,742,1065,1359,1672,2643,2354
109.00679,37.25127,2003-12-23,867,1237,1483,1782,3003,2574
109.00679,37.25127,2003-12-30,777,1133,1417,1663,2673,2380
109.00679,37.25127,2004-01-07,1446,1700,1903,2168,2502,2273
109.00679,37.25127,2004-01-23,1072,1469,1808,2130,2974,2675
109.00679,37.25127,2004-01-24,858,1181,1552,1898,2942,2549
109.00679,37.25127,2004-02-08,742,1064,1450,1765,2502,2309
109.00679,37.25127,2004-02-09,955,1349,1677,1959,2898,2620
109.00679,37.25127,2004-02-16,840,1264,1559,1912,2773,2560
109.00679,37.25127,2004-02-17,950,1319,1725,2049,2844,2629
109.00679,37.25127,2004-02-25,1104,1501,1801,2133,2939,2653
109.00679,37.25127,2004-03-03,770,1236,1518,1837,2545,2338
109.00679,37.25127,2004-03-12,1055,1495,1829,2149,2989,2745
109.00679,37.25127,2004-03-27,866,1236,1610,1944,2732,2492
109.00679,37.25127,2004-04-04,894,1328,1613,1936,2761,2562
109.00679,37.25127,2004-04-05,1055,1471,1854,2204,2949,2787
109.00679,37.25127,2004-04-13,1165,1633,1986,2370,3269,3059
109.00679,37.25127,2004-04-20,888,1369,1658,2062,2766,2602
109.00679,37.25127,2004-04-21,1077,1531,1942,2362,3115,2866
109.00679,37.25127,2004-04-28,888,1315,1672,2161,2823,2597
109.00679,37.25127,2004-04-29,1240,1746,2017,2513,3168,2833
109.00679,37.25127,2004-05-06,1030,1499,1804,2308,2908,2677
109.00679,37.25127,2004-05-07,1065,1457,1805,2314,3026,2821
109.00679,37.25127,2004-05-15,938,1282,1431,1938,2223,1812
109.00679,37.25127,2004-05-22,944,1396,1696,2218,2864,2588
109.00679,37.25127,2004-05-31,1003,1520,1851,2485,3159,2813
109.00679,37.25127,2004-06-07,772,1243,1486,2052,2631,2366
109.00679,37.25127,2004-06-16,755,1089,1284,1877,2227,1754
109.00679,37.25127,2004-06-24,1078,1624,2090,2735,3363,3080
109.00679,37.25127,2004-07-01,593,890,1125,1686,1902,1464
109.00679,37.25127,2004-07-02,908,1358,1622,2176,2466,2151
109.00679,37.25127,2004-07-26,721,1041,1260,2060,2160,1604
109.00679,37.25127,2004-08-18,783,1160,1363,2356,2581,2067
109.00679,37.25127,2004-09-11,895,1324,1548,2490,2864,2390
109.00679,37.25127,2004-09-12,967,1341,1630,2638,2991,2545
109.00679,37.25127,2004-09-20,883,1319,1602,2492,2982,2527
109.00679,37.25127,2004-09-27,741,1126,1346,2128,2587,2136
109.00679,37.25127,2004-09-28,844,1234,1538,2356,2889,2485
109.00679,37.25127,2004-10-06,1034,1376,1704,2514,3149,2698
109.00679,37.25127,2004-10-13,803,1277,1525,2209,2892,2493
109.00679,37.25127,2004-10-14,1726,1959,2269,2882,2869,2429
109.00679,37.25127,2004-10-21,840,1188,1554,2128,2933,2574
109.00679,37.25127,2004-10-29,1270,1686,1973,2503,3199,2813
109.00679,37.25127,2004-11-06,876,1318,1687,2164,3054,2714
109.00679,37.25127,2004-11-07,992,1486,1810,2320,3302,3032
109.00679,37.25127,2004-11-14,901,1299,1655,2141,3064,2722
109.00679,37.25127,2004-11-15,957,1379,1791,2323,3261,2962
109.00679,37.25127,2004-12-09,1182,1630,2001,2413,3590,3092
109.00679,37.25127,2005-01-02,1296,1621,2058,2421,2763,2526
109.00679,37.25127,2005-01-10,1193,1560,1799,2223,3136,2770
109.00679,37.25127,2005-01-17,902,1421,1693,2062,3036,2692
109.00679,37.25127,2005-01-18,1046,1456,1922,2329,3319,3010
109.00679,37.25127,2005-02-19,2488,2836,3184,3559,2270,1931
109.00679,37.25127,2005-03-06,980,1460,1827,2222,3188,2812
109.00679,37.25127,2005-03-07,1065,1502,1940,2348,3200,2936
109.00679,37.25127,2005-03-23,1193,1649,2105,2525,3344,3047
109.00679,37.25127,2005-03-30,1053,1458,1845,2219,3141,2984
109.00679,37.25127,2005-04-24,1102,1594,2067,2480,3295,3026
109.00679,37.25127,2005-05-01,1063,1560,2049,2544,3212,2896
109.00679,37.25127,2005-05-09,1262,1743,2016,2554,3147,2774
109.00679,37.25127,2005-05-10,1090,1574,2010,2500,3229,2927
109.00679,37.25127,2005-05-25,1013,1291,1447,1963,2120,1613
109.00679,37.25127,2005-06-02,891,1367,1712,2323,2847,2575
109.00679,37.25127,2005-06-03,1109,1648,1964,2657,3299,2920
109.00679,37.25127,2005-06-26,1171,1639,1917,2735,3068,2523
109.00679,37.25127,2005-07-04,797,1120,1363,2123,2532,2124
109.00679,37.25127,2005-07-05,1013,1516,1739,2615,3032,2628
109.00679,37.25127,2005-07-12,870,1302,1540,2279,2523,2120
109.00679,37.25127,2005-07-13,1023,1468,1825,2625,3030,2638
109.00679,37.25127,2005-07-28,718,1174,1372,2249,2479,2040
109.00679,37.25127,2005-08-22,1218,1594,1761,3135,3413,2804
109.00679,37.25127,2005-09-06,931,1284,1470,2605,2895,2368
109.00679,37.25127,2005-09-07,779,1189,1350,2335,2649,2141
109.00679,37.25127,2005-10-08,771,1091,1349,2077,2523,2115
109.00679,37.25127,2005-10-09,817,1229,1443,2258,2981,2489
109.00679,37.25127,2005-10-16,760,1206,1471,2127,2956,2576
109.00679,37.25127,2005-10-24,754,1101,1432,1980,2779,2486
109.00679,37.25127,2005-10-25,909,1313,1605,2221,3147,2745
109.00679,37.25127,2005-11-01,815,1254,1529,2018,2953,2601
109.00679,37.25127,2005-11-02,899,1282,1640,2233,3093,2780
109.00679,37.25127,2005-11-18,995,1353,1771,2249,3298,2957
109.00679,37.25127,2005-11-25,960,1376,1756,2259,3283,2970
109.00679,37.25127,2005-11-26,1075,1486,1800,2355,3491,3077
109.00679,37.25127,2005-12-20,1014,1307,1706,2092,3014,2677
109.00679,37.25127,2005-12-27,937,1363,1785,2277,3265,2871
109.00679,37.25127,2006-01-12,1372,1620,1907,2182,2934,2620
109.00679,37.25127,2006-01-28,2066,2265,2610,2850,2016,1661
109.00679,37.25127,2006-02-06,1237,1599,1976,2356,2991,2732
109.00679,37.25127,2006-02-13,965,1331,1711,2052,2811,2543
109.00679,37.25127,2006-03-01,1406,1717,2068,2420,2342,2052
109.00679,37.25127,2006-03-02,1166,1603,1881,2209,3061,2700
109.00679,37.25127,2006-03-10,1128,1555,1930,2310,3102,2784
109.00679,37.25127,2006-04-03,1227,1694,2035,2426,3356,3006
109.00679,37.25127,2006-04-18,1193,1581,1892,2102,2491,2217
109.00679,37.25127,2006-04-19,1159,1672,2115,2592,3506,3203
109.00679,37.25127,2006-05-05,1102,1542,1817,2360,2956,2457
109.00679,37.25127,2006-05-12,1207,1350,1406,1695,1490,1080
109.00679,37.25127,2006-05-13,1353,1635,1877,2399,2390,1971
109.00679,37.25127,2006-05-28,888,1392,1702,2372,2975,2612
109.00679,37.25127,2006-05-29,1039,1496,1911,2635,3234,2832
109.00679,37.25127,2006-06-14,1052,1533,1873,2677,3135,2749
109.00679,37.25127,2006-06-29,976,1483,1749,2557,2969,2545
109.00679,37.25127,2006-07-07,920,1351,1646,2526,2836,2402
109.00679,37.25127,2006-07-16,1077,1494,1689,2942,3237,2735
109.00679,37.25127,2006-07-23,556,795,855,1708,1526,1033
109.00679,37.25127,2006-07-24,886,1346,1531,2634,2952,2381
109.00679,37.25127,2006-08-01,914,1350,1595,2728,2925,2419
109.00679,37.25127,2006-08-09,1272,1594,1678,2910,3018,2557
109.00679,37.25127,2006-08-17,902,1289,1541,2738,2856,2369
109.00679,37.25127,2006-08-24,888,1298,1568,2797,3030,2453
109.00679,37.25127,2006-09-02,563,838,903,1995,2011,1360
109.00679,37.25127,2006-09-09,676,1061,1256,2305,2641,2162
109.00679,37.25127,2006-09-10,830,1259,1453,2436,2890,2412
109.00679,37.25127,2006-10-12,1064,1608,1923,2662,3512,3031
109.00679,37.25127,2006-10-19,1007,1498,1838,2516,3297,2855
109.00679,37.25127,2006-10-20,1036,1491,1911,2627,3512,3048
109.00679,37.25127,2006-10-28,1149,1676,2056,2681,3663,3190
109.00679,37.25127,2006-11-04,1043,1561,1935,2508,3370,2992
109.00679,37.25127,2006-11-05,1057,1511,2011,2618,3521,3110
109.00679,37.25127,2006-11-20,1135,1628,1992,2474,3513,3146
109.00679,37.25127,2006-11-28,1285,1604,1920,2337,2415,1947
109.00679,37.25127,2006-12-15,1118,1568,1965,2445,3586,3183
109.00679,37.25127,2006-12-22,1038,1516,1851,2310,3361,3174
