dates,green,red,nir,swir1,swir2,evi,qa
735755,1588,1947,3480,4642,3915,2209,0
735771,1450,1648,3871,4201,3065,3249,0
735803,5604,5632,6761,4851,3557,3610,4
735819,768,520,5331,2021,1015,7369,4
735835,389,193,5310,1886,757,8428,0
735851,944,886,2884,1649,880,4003,4
735915,781,974,1552,2736,2196,1126,0
735940,775,1006,1603,2917,2237,1113,0
735947,714,891,1411,2590,1965,1043,0
735995,894,1096,1754,3124,2524,1266,0
736011,882,1106,1900,3148,2352,1438,4
736030,1005,1259,2293,3748,2927,1812,0
736043,1839,2039,3740,3899,3024,2219,4
736059,1153,1397,2566,3696,2979,1962,0
736075,1006,1272,2425,3332,2304,1906,0
736090,1288,1710,2656,4038,3611,1461,0
736091,1290,1703,2609,3943,3563,1409,0
736123,1651,2066,3358,4609,4031,1860,0
736130,2669,2988,4507,4403,2973,2509,4
736170,754,565,5513,2982,1420,7735,0
736171,731,567,5124,2691,1331,7468,0
736187,637,332,6184,2379,834,9381,0
736203,554,308,5011,2034,746,7983,0
736210,614,427,4541,2344,1016,7017,0
736219,617,605,3902,2582,1356,5552,0
736230,768,956,2759,3211,2039,3125,0
736235,981,1286,2629,3464,2446,2225,0
736267,677,824,1936,2386,1656,2080,0
736280,1154,1651,2591,3956,3630,1425,0
736283,1128,1591,2492,3771,3471,1379,0
736299,848,1202,1903,2604,2054,1176,0
736300,757,1242,2107,2824,2184,1358,4
736310,154,490,1238,1808,1447,1267,4
736320,593,959,1776,2576,1882,1381,0
736379,1333,1737,2930,3928,2991,1739,4
736390,1295,1707,2813,3929,3391,1677,0
736410,684,961,2078,2549,1749,1862,0
736411,1053,1326,2523,3115,2394,1943,0
736427,1423,1757,3241,4189,3542,2205,0
736443,1112,1492,2513,3496,2816,1599,0
736459,1718,2214,3654,5163,4412,1985,0
736470,1166,1590,2644,3673,2947,1593,0
736490,1424,1894,3164,4534,3936,1832,0
736491,4825,5026,5740,5165,4387,1709,4
736507,792,898,2622,2555,1596,2914,0
736530,1067,1145,4924,3957,2483,5564,4
736535,828,728,4751,3088,1680,6456,0
736539,833,793,4670,3001,1793,6194,0
736587,631,658,3416,2522,1466,4918,0
736590,650,694,3405,2766,1582,4640,0
736603,1684,2015,4198,3935,2845,3021,4
736610,1026,1641,3545,4408,2739,2475,2
736615,730,991,1955,2935,2062,1715,0
736630,119,269,854,1294,883,1181,4
736655,1153,1641,2523,3537,3150,1328,0
736670,719,1119,1878,2620,2052,1234,0
736675,1256,1743,2575,3849,3565,1254,0
736690,1109,1591,2435,3333,2995,1259,0
736695,1445,1968,2859,4159,3933,1299,0
736705,5316,5045,5273,3616,2203,1024,4
736725,847,1283,2028,2729,2213,1159,0
736730,1157,1749,2764,3276,2737,1401,4
736755,790,1199,2065,2720,2073,1348,0
736765,6800,6951,7621,7502,6399,1515,4
736770,1165,1618,2708,3512,2881,1602,0
736775,1429,1934,3210,4379,3669,1790,0
736800,1047,1274,2692,3118,2443,2346,4
736805,1765,2327,3691,4821,4202,1813,0
736811,929,1234,2192,2746,2059,1560,0
736820,1345,1801,3039,4084,3327,1762,0
736825,1435,1929,3027,4415,3924,1594,0
736827,1472,1916,3047,4359,3847,1671,0
736830,1416,1931,3039,4433,3867,1597,0
736835,888,1052,2618,2651,1885,2681,4
736840,1524,1903,3515,4874,3871,2314,0
736850,1694,2158,3629,5015,4320,2036,0
736855,1630,2110,3582,4945,4122,2055,0
736859,1596,1975,3661,4633,3821,2398,0
736860,1627,2107,4075,5275,4245,2629,4
736875,1233,1448,3689,3848,2821,3379,0
736875,1252,1461,3793,3991,2882,3481,0
736880,988,1111,3750,3271,2152,4181,0
736885,-9999,-9999,-9999,-9999,-9999,0,255
736890,827,679,4935,2909,1408,6578,4
736891,683,534,4247,2420,1154,6283,0
736895,819,633,5163,2941,1535,7273,0
736900,748,534,5267,2669,1300,7738,0
736907,762,523,5957,2591,1115,8263,4
736910,623,383,5257,2308,935,7977,0
736925,612,437,4858,2082,814,7100,0
736939,6276,6406,8256,7066,5625,3997,4
736940,638,581,4538,2864,1511,6209,4
736950,535,540,2973,2330,1236,4437,0
736955,846,994,3009,3067,1970,3443,0
736955,826,979,3034,3215,2046,3470,4
736965,417,492,1743,2100,1255,2431,4
736970,785,1029,2406,3192,2005,2362,4
736975,953,1261,2505,3702,2571,2024,4
736987,667,853,1761,2243,1451,1656,0
736990,731,957,1905,2802,1849,1724,0
736995,811,1141,2269,3340,2212,1887,0
737005,435,783,1847,2258,1326,1773,0
737019,835,1126,2086,2944,2117,1663,0
737020,818,1156,2138,3224,2309,1661,0
737030,662,989,1967,2759,1825,1664,0
737045,539,869,1426,2053,1524,975,0
737050,339,764,1541,1780,1261,1237,4
737065,614,1020,1767,2274,1626,1194,0
737067,891,1231,1943,2606,2095,1187,0
737083,647,922,1596,1795,1230,1168,0
737085,587,951,1655,2247,1626,1170,0
737090,1324,1827,3328,3903,3321,2121,4
737099,836,1128,1864,2286,1779,1241,0
737135,939,1360,2299,3109,2399,1448,0
737140,1157,1596,2630,3579,2977,1544,0
737165,857,1218,2317,2850,2072,1696,0
737170,855,1261,2293,2898,2144,1575,0
737175,1114,1518,2551,3501,2813,1565,0
737195,1398,1823,2900,4133,3606,1620,0
737195,1381,1849,2920,4270,3679,1576,0
737205,407,431,800,900,611,803,2
737210,916,1234,2305,3071,2257,1714,0
737211,1245,1506,2839,3879,3170,2143,0
737220,1338,1712,3030,4123,3301,1954,0
737230,1448,1890,3705,4782,3610,2508,4
737235,1174,1437,3012,3782,2827,2454,0
737240,1301,1498,3717,4129,3006,3315,0
737243,1421,1619,4097,4395,3238,3617,0
737250,1185,1273,4850,4149,2638,5181,0
737259,782,570,4762,2658,1252,7014,0
737260,944,726,5236,3168,1624,7121,0
737265,973,934,4559,3268,2114,5775,0
737270,2572,2440,5186,3741,2761,5492,4
737275,925,870,4771,3237,1909,6268,0
737275,897,832,4776,3252,1871,6199,0
737285,900,773,5078,3137,1709,6719,4
737290,643,507,4260,2512,1148,6299,0
737291,664,535,4112,2435,1181,6179,0
737300,593,501,3751,2393,1219,5633,0
737305,709,686,3788,2867,1669,5288,0
737307,868,908,3771,3089,1946,4799,0
737310,800,809,4141,3177,1822,5369,0
737315,829,939,3473,3173,1934,4182,0
737320,850,1016,3489,3267,2024,3963,0
737323,991,1207,3511,3432,2230,3594,0
737335,891,1164,2412,3398,2394,2093,0
737339,494,640,1392,1497,1063,1444,4
737340,725,991,2091,2932,2091,1909,0
737345,665,918,1924,2922,2050,1792,0
737350,695,956,1972,2975,2079,1808,0
737355,655,890,1818,2788,1902,1690,0
737355,672,880,1852,2707,1889,1794,0
737365,652,881,1730,2666,1833,1573,0
737371,628,838,1699,2402,1671,1609,0
737375,578,838,1687,2442,1692,1547,0
737387,584,784,1613,2274,1525,1575,0
737390,618,841,1669,2563,1752,1542,0
737400,447,914,2204,3191,2243,1992,4
737419,977,1230,2284,3276,2329,1832,0
737430,601,815,1733,2498,1647,1694,0
737450,601,823,1796,2569,1668,1793,0
737451,675,884,1838,2520,1727,1754,0
737483,695,912,1916,2590,1784,1822,0
737490,839,1086,2161,3078,2271,1883,0
737495,419,622,1912,2282,1319,2292,0
737520,1050,1173,2888,3294,2311,2941,4
737525,937,1207,2236,3187,2365,1746,0
737531,1582,2108,3054,4239,3867,1342,0
737535,1407,1949,2837,3988,3470,1252,0
737545,1279,1754,2777,3668,3025,1471,0
737547,1625,2089,3367,4408,3817,1784,0
737555,1286,1625,3021,3640,2893,2046,0
737563,4420,4340,4921,3899,3193,1915,4
737570,1524,2053,3519,4576,3681,1950,0
737575,1699,2166,3555,4860,4194,1917,0
737590,853,1102,2530,3022,2041,2312,0
737595,1736,2193,3964,4968,4134,2393,0
737595,7984,8240,9226,6738,4692,1800,4
737611,956,1036,3010,2460,1832,3228,0
737615,1318,1603,4594,4527,3202,4081,4
737620,986,1013,4116,3235,2049,4843,0
737625,889,832,4597,3178,1739,5940,0
737630,1035,1152,4752,3537,2262,5239,0
737635,730,633,4379,2644,1335,6083,0
737640,852,806,4677,3031,1776,6136,0
737645,739,682,4489,2716,1471,6120,0
737650,880,857,4559,2501,1428,5877,4
737655,688,583,4922,2695,1354,6984,0
737659,589,506,4555,2360,1146,6757,4
737660,623,565,4294,2481,1281,6215,0
737675,542,507,3792,2311,1161,5746,0
737675,568,550,3776,2307,1227,5651,0
737680,247,259,3163,1552,741,4926,4
737685,738,791,3544,2738,1698,4702,0
737700,891,1147,2921,3364,2420,2949,0
737705,925,1231,2918,3411,2386,2735,0
737715,815,1057,2067,2970,2161,1796,0
737720,670,903,2030,2649,1850,2018,4
737730,702,916,1793,2593,1846,1604,0
737735,737,942,1857,2710,1877,1685,0
737739,910,1123,2177,3067,2145,1841,0
737740,912,1167,2190,3175,2375,1759,0
737755,749,998,2256,2718,1756,2106,4
737755,384,506,1080,1335,980,1185,2
737760,762,1061,2177,2867,2018,1871,0
737765,917,1289,1976,2985,2740,1150,0
737770,816,1067,1677,2467,2004,1148,2
737771,655,926,1560,2088,1575,1132,0
737780,688,1090,1791,2419,1878,1139,0
737785,1105,1544,2290,3329,2837,1152,0
737787,1434,1847,2865,3928,3357,1513,4
737795,695,1079,1800,2451,1855,1173,0
737803,1133,1530,2332,3160,2727,1252,0
737805,1299,1789,2673,3802,3398,1310,0
737819,934,1294,2087,2636,2117,1287,0
737840,9964,9645,9122,947,1028,-9005,3
737845,661,1032,1851,2463,1773,1323,0
737855,1217,1678,2604,3557,3012,1363,0
737870,1054,1470,2532,3290,2671,1598,0
737875,751,1087,2204,2704,1883,1742,4
737883,1414,1823,3081,3904,3348,1850,0
737885,1366,1749,3209,4116,3314,2110,0
737895,1016,1408,2595,3212,2475,1800,0
737899,1070,1441,2470,3245,2548,1616,0
737900,1354,1840,3054,4203,3493,1734,0
737905,729,1082,2110,2688,1858,1633,0
737910,879,1258,2206,2966,2228,1493,0
737915,2093,2300,3302,3383,2810,1886,4
737915,643,1060,2223,3018,2063,1750,4
737930,1290,1777,2905,3944,3367,1640,0
737931,1480,1926,3017,4127,3649,1609,0
737935,1420,1565,2665,2668,1998,1818,4
737940,1662,2274,3381,4840,4335,1494,0
737955,1626,2119,3327,4682,4085,1687,0
737963,1124,1493,2567,3320,2642,1660,0
737970,1759,2333,4076,5190,4185,2254,0
737975,1462,1797,3677,4623,3853,2805,0
737979,940,1104,2994,2928,1873,3037,0
737980,787,870,3122,2820,1609,3748,0
737985,756,674,3037,2353,1396,4160,4
737995,902,846,4585,3185,1939,6208,0
737995,924,850,4639,3283,1973,6222,4
738000,717,591,4831,2323,1111,6588,4
738005,463,277,3943,1624,676,6522,4
738010,606,393,4994,2010,821,7393,0
738011,586,363,5087,2070,790,7685,0
738025,530,292,4796,1973,717,7608,0
738027,558,346,4778,2022,828,7517,0
738030,560,302,5060,2000,715,7810,0
738035,528,308,4373,1870,740,7088,0
738040,479,311,4103,1889,757,6641,0
738043,580,463,4149,2001,913,6218,0
738045,556,447,4073,2077,912,6279,0
738055,-236,-176,774,330,156,1901,2
738059,535,609,3351,2368,1342,4822,0
738060,518,603,3447,2441,1346,4883,0
738070,4134,4208,6242,5555,3946,3790,4
738075,847,1095,2514,2969,2010,2371,0
738075,718,991,2501,3001,1965,2534,0
738080,813,1133,2515,3317,2310,2264,0
738085,1418,1847,3085,3846,2861,1811,4
738100,948,1385,2696,3782,2686,2017,0
738102,977,1397,2716,3668,2614,2050,0
738105,30,308,1473,1229,677,2113,4
738107,719,1087,2301,2796,1821,2001,0
738120,600,991,2132,2773,1777,1856,0
738123,753,1092,2198,2893,1932,1870,0
738130,528,928,2034,2519,1600,1801,0
738131,692,1029,2092,2613,1748,1807,0
738145,658,1093,1847,2399,1736,1193,0
738160,881,1401,2352,2893,2275,1378,0
738165,513,928,1675,2094,1455,1194,0
738171,1616,1694,2720,1091,875,1622,3
738175,930,1421,2278,2965,2424,1289,0
738179,1489,1899,3006,3562,2985,1571,4
738180,1235,1750,2633,3605,3208,1280,0
738185,1373,1865,2681,3882,3419,1218,0
738187,1428,1901,2770,3858,3402,1293,0
738195,1129,1460,2064,1736,1222,995,0
738195,848,1264,1950,1708,1141,1094,0
738200,1046,1513,2279,3116,2552,1156,0
738205,837,1283,2075,2722,2044,1217,0
738215,896,1344,2150,2972,2371,1248,0
738225,1394,2094,3512,3949,2943,1756,4
738230,862,1173,1675,1846,1328,866,2
738240,1247,1716,2776,3414,2838,1502,4
738250,857,1275,2520,2852,1900,1818,4
738255,1279,1756,2935,3949,3244,1697,0
738259,773,1034,2024,2356,1605,1670,0
738267,965,1219,2408,2828,1955,1915,0
738275,1327,1870,3815,3681,2827,2430,4
738283,1205,1574,2747,3424,2670,1774,0
738285,1357,1856,3176,4203,3322,1837,0
738290,1538,2060,3387,4666,3842,1839,0
738291,1650,2159,3410,4825,4274,1738,0
738295,1452,1963,3135,4555,3988,1697,0
738305,1592,1991,3631,4956,3803,2292,4
738310,1686,2162,3636,5064,4300,2031,0
738315,1502,1872,3476,4653,3851,2302,0
738315,1559,1923,3572,4845,3946,2373,0
738320,1422,1883,3326,4495,3678,2042,0
738325,1602,2109,3497,4706,4086,1915,0
738330,1262,1609,3202,4049,3090,2354,0
738331,1445,1793,3424,4275,3387,2374,0
738335,1190,1460,3143,3735,2839,2573,0
738339,1609,1745,4844,4828,3292,4209,4
738340,698,875,2945,2575,1783,3197,2
738345,1014,982,4245,3461,2064,5054,4
738347,1125,1221,3958,3658,2562,4284,0
738350,968,928,4203,3421,2146,5210,0
738360,756,511,5042,2913,1476,7546,0
738363,758,506,5758,2967,1383,8689,4
738370,557,284,5533,2630,1113,8673,0
738375,299,113,5176,2140,1299,7731,4
738379,542,299,6410,2639,1060,9936,4
738380,472,255,5475,2221,896,8673,0
738385,435,224,5885,2371,930,9155,0
738387,440,241,5885,2256,884,9255,0
738390,469,256,6052,2430,942,9356,0
738395,4397,4358,5860,3953,2671,4623,4
738395,463,236,5695,2272,798,9101,0
738405,3733,3661,6734,4574,3435,5924,4
738410,433,234,5349,2272,924,8438,0
738411,500,318,5312,2160,876,8480,0
738415,564,326,5122,2216,889,8253,0
738419,663,422,4527,2310,1049,7062,0
738425,760,520,3851,2251,1129,5754,0
738427,748,582,3685,2149,1131,5215,0
738430,750,721,3243,2359,1289,4140,0
738435,850,1165,2913,2764,1649,2700,0
738435,624,1002,2925,2828,1595,2849,0
738443,707,1051,2241,2563,1588,1976,0
738445,620,1038,2120,2829,1837,1762,0
738451,667,918,1519,1499,887,1045,2
738455,1523,2265,3606,4254,2911,1727,0
738460,315,614,1113,1292,975,882,4
738465,1175,1675,2612,3510,2442,1382,0
738467,896,1150,1785,2441,1583,1070,0
738470,888,1294,2246,3447,2314,1471,0
738475,1637,2105,3310,4612,3717,1698,4
738480,1185,1664,2427,3745,3528,1173,0
738490,769,1106,1610,2294,2078,862,0
738505,756,1227,2101,2754,2051,1328,0
738507,1120,1552,2355,3065,2630,1246,0
738510,1057,1604,2502,3178,2621,1285,4
738525,678,1161,1935,2467,1768,1184,0
738530,994,1565,2485,3053,2331,1259,4
738535,863,1284,2151,2839,2144,1342,0
738539,555,770,1391,1451,1035,1091,4
738540,790,1207,2113,2701,1991,1402,0
738547,1033,1398,2255,2735,2122,1354,0
738563,1034,1402,2300,2874,2228,1426,0
738571,1136,1484,2507,3088,2369,1603,0
738605,660,1095,1943,2570,1784,1312,0
738611,1310,1766,2718,3745,3163,1426,0
738620,1577,2147,3215,4693,4284,1476,0
738627,1727,2335,3406,4802,4453,1429,0
738630,925,1286,3139,3582,2831,3203,4
738643,1771,2336,3453,4722,4464,1511,0
738655,782,760,2283,2055,1276,2966,4
738660,958,1035,3439,3168,2129,3802,0
738665,664,620,3164,2197,1159,4382,0
738670,907,961,4128,3012,1935,4941,0
738675,578,403,3984,1756,790,6100,0
738675,579,439,3977,1880,861,5933,0
738680,570,467,4342,1900,920,6329,0
738683,293,194,1683,621,377,3110,2
738691,377,232,4135,1282,483,6761,0
738695,415,300,4268,1507,624,6709,0
738700,426,327,4001,1648,693,6276,0
738723,414,251,4329,1576,615,7168,0
738725,558,436,4241,1804,824,6337,4
738731,459,360,3486,1640,785,5614,0
738747,5160,5112,6638,4955,3899,5021,4
738755,772,858,3011,2679,1738,3613,4
738755,702,732,2392,2326,1491,3037,0
738760,482,613,1594,1993,1338,1890,0
738763,555,720,1780,2322,1700,1951,0
738765,4139,3914,5035,3209,2282,3963,4
738770,488,647,1566,1937,1307,1749,0
738775,464,632,2195,2146,1311,2740,4
738779,584,749,1460,2296,1694,1401,0
738780,585,781,1585,2418,1808,1520,0
738785,650,850,1885,2459,1716,1861,0
738790,1230,1844,3288,4227,2741,1988,0
738795,1271,1836,3211,4134,2745,1928,0
738795,1230,1894,3267,4248,2789,1876,0
738800,1251,1830,3074,3977,2675,1702,0
738803,1197,1723,2845,3868,2660,1625,0
738805,1235,1891,3120,4233,2823,1654,4
738810,249,435,1099,1425,1278,1271,4
738811,755,1030,1742,2861,2617,1296,0
738819,1011,1343,2179,3186,2638,1407,0
738827,902,1258,2010,2752,2223,1262,0
738835,736,1120,1698,2388,1902,963,2
738840,1167,1672,2517,3568,3072,1246,0
738851,876,1221,1882,2572,2093,1105,0
738859,912,1254,1945,2519,2024,1153,0
738865,809,1203,1891,2591,2033,1120,0
738880,640,977,1660,2245,1659,1162,0
738885,864,1256,2062,2818,2275,1296,0
738895,614,978,1756,2350,1749,1290,0
738905,2245,2870,3767,2036,1794,1357,3
738915,3074,3916,5849,4997,4365,2091,4
738923,818,1107,1830,2371,1815,1242,0
738930,707,1052,1856,2432,1809,1329,0
738931,908,1220,2008,2560,1986,1333,0
738935,921,1296,2141,2937,2383,1362,0
738939,821,1101,1898,2481,1924,1374,0
738940,1085,1486,2452,3343,2805,1507,0
738955,1198,1532,2646,3506,2974,1748,0
738955,1240,1573,2657,3516,3074,1705,0
738963,887,1179,1817,2300,1710,1063,2
738965,1364,1857,2900,4106,3626,1528,0
738971,1340,1677,3049,3239,2371,1493,4
738975,1482,2079,3123,4257,3587,1412,0
738979,973,1300,1957,2380,1953,1053,2
738990,1633,2216,3406,4639,4045,1602,0
739000,1580,2122,3377,4628,4066,1724,0
739010,536,725,1680,2054,1308,1714,2
739015,814,1085,2258,2718,1922,1908,0
739020,1213,1459,3277,3950,2829,2866,4
739025,3506,3731,4907,4042,2797,2107,4
739027,1171,1386,3255,3653,2737,2932,0
739043,772,754,3320,2742,1763,4395,0
739050,956,974,3858,3236,2263,4685,0
739051,924,961,3828,3080,2121,4706,0
739059,885,836,4382,3041,1863,6051,0
739060,885,904,3843,3021,1901,4798,0
739070,1053,1051,4338,3188,1992,4821,4
739075,717,659,3924,2275,1243,5617,4
739080,4405,4463,6407,5573,4501,3944,4
739085,564,486,3306,1924,999,5079,0
739095,2603,2694,6002,3984,3062,5073,4
739100,778,769,3710,2654,1610,4889,0
739110,996,1100,4962,2948,1875,5195,4
739115,682,788,2684,2407,1457,3248,0
739115,704,796,2632,2354,1450,3189,0
739123,941,1226,2827,3386,2448,2625,0
739125,993,1342,2760,3706,2706,2259,0
739131,1006,1354,2624,3480,2532,2034,0
739139,1133,1391,2786,3882,3111,2417,0
739140,1107,1456,2813,3976,3131,2202,0
739155,1172,1496,2535,4112,3397,1739,0
739155,728,1199,2450,3632,2892,1783,4
739160,853,1137,2003,3189,2317,1513,0
739163,1052,1337,2259,3600,2863,1581,0
739165,1142,1472,2438,3899,3107,1591,0
739170,1158,1505,2459,3952,3231,1583,0
739171,1414,1739,2868,3892,3133,1747,4
739179,1229,1683,2527,3787,3597,1297,0
739180,1239,1735,2578,3967,3695,1266,0
739187,1115,2029,4130,4673,3638,2412,4
739205,758,1152,2268,3066,2187,1732,0
739211,1183,1537,2384,3172,2685,1346,0
739219,1417,1831,2759,3770,3352,1416,0
739220,5383,5728,6179,6296,5229,839,4
739225,1606,2106,3126,4278,3893,1445,0
739227,1668,2138,3068,4195,3835,1340,0
739259,1022,1377,2182,2857,2382,1297,0
739265,363,739,1618,1524,1023,1452,0
739267,679,946,1657,2083,1510,1254,0
739270,647,1111,2131,2371,1927,1509,4
739275,1132,1514,2351,3258,2862,1344,0
739295,201,382,992,992,768,1190,0
739305,513,906,1791,2056,1394,1408,0
739307,814,1143,1937,2472,1806,1333,0
739310,943,1335,2249,3040,2363,1477,0
739320,1151,1586,2637,3583,2999,1621,0
739323,1408,1821,2938,3984,3461,1683,0
739330,1255,1707,2858,3350,2763,1734,4
739331,1645,2103,3386,4526,4135,1831,0
739332,1560,2086,3303,4439,3957,1714,0
739335,1577,2085,3354,4394,3878,1769,0
739350,531,810,1794,2083,1437,1681,4
739352,762,1090,2305,2897,2031,1958,0
739355,906,1213,2407,3065,2239,1889,0
739355,1074,1345,2453,3015,2258,1777,0
739363,991,1344,2301,3143,2403,1553,0
739375,866,1191,2409,3361,2521,1897,4
739379,1515,1828,3316,4595,3710,2169,4
739380,4543,4741,5838,6204,4937,2195,4
739390,2773,2696,4551,3382,2914,3954,4
739392,916,1042,2558,2966,2052,2556,0
739395,8429,8375,8511,1958,2140,469,3
739400,2633,2785,3065,2838,1931,526,4
739403,1187,1225,3597,3567,2566,3796,0
739405,3286,3668,5231,5031,4220,2272,4
739410,692,599,3464,2389,1337,5189,0
739411,1362,1437,4204,3390,2433,4748,4
739412,864,857,3675,2840,1880,4751,0
739415,4428,4236,4619,3439,2195,1428,4
739419,653,458,4212,1919,927,6374,4
739425,1297,1578,4247,3309,2485,3489,4
739427,544,335,4571,1782,701,7078,0
739435,505,365,4103,1845,840,6595,0
739435,517,391,4229,2017,940,6598,0
739443,460,297,4219,1737,676,6790,0
739450,505,326,4762,1944,774,7575,0
739451,1038,917,4739,2300,1309,6591,4
739455,484,321,4014,1746,730,6427,0
739459,536,373,3615,1679,769,5789,4
739460,602,504,3706,2286,1149,5654,0
739465,525,510,3200,1937,982,4700,0
739467,284,155,1664,608,263,3181,4
739470,487,478,2818,1795,891,4320,0
739472,165,120,1068,582,319,2016,2
739475,600,627,2563,2277,1296,3554,0
739475,603,626,2756,2359,1345,3714,0
739480,1237,1249,4124,3003,1698,5009,4
739495,683,889,2162,2933,2078,2230,0
739499,1120,1105,3469,3020,2070,3894,4
739507,772,1028,2192,1933,1159,1886,2
739510,1196,1872,3480,4067,2598,2121,0
739512,1201,1739,3128,4210,2969,1980,0
739515,1309,1771,3221,4127,2990,2129,0
739520,702,959,1808,2295,1546,1541,4
739523,972,1292,2289,3518,2663,1651,0
739532,983,1352,2477,3542,2532,1792,0
739539,1061,1336,2642,3651,2675,2123,0
739540,997,1299,2600,3642,2492,2155,0
739545,1028,1240,2699,3550,2549,2395,0
739547,1055,1256,2734,3436,2472,2448,0
739555,840,1043,2422,2875,1930,2291,0
739555,888,1068,2443,2809,1921,2325,0
739560,828,1043,2578,3012,1956,2582,0
739563,877,1052,2480,2807,1894,2420,0
739565,859,1107,2552,3076,2177,2414,0
739571,975,1264,2609,3194,2293,2197,0
739585,750,973,2410,2753,1843,2440,0
739595,1109,1343,2751,3112,2278,2236,4
739600,805,1059,2422,3027,2157,2399,0
739605,456,628,1518,1676,1151,1665,0
739611,1540,1758,2971,3310,2784,1679,4
739615,787,975,2348,2775,1951,2389,0
